{
  "skins": [
    {
      "localization_name": "Steve",
      "geometry": "geometry.humanoid.custom",
      "texture": "steve.png",
      "type": "free"
    },
    {
      "localization_name": "Steve_L",
      "geometry": "geometry.humanoid.custom",
      "texture": "steve.png",
      "cape": "c_l.png",
      "type": "free"
    },
    {
      "localization_name": "Steve_migrator",
      "geometry": "geometry.humanoid.custom",
      "texture": "steve.png",
      "cape": "c_migrator.png",
      "type": "free"
    },
    {
      "localization_name": "Alex",
      "geometry": "geometry.humanoid.customSlim",
      "texture": "alex.png",
      "type": "free"
    },
    {
      "localization_name": "Alex_L",
      "geometry": "geometry.humanoid.customSlim",
      "texture": "alex.png",
      "cape": "c_l.png",
      "type": "free"
    },
    {
      "localization_name": "Alex_migrator",
      "geometry": "geometry.humanoid.customSlim",
      "texture": "alex.png",
      "cape": "c_migrator.png",
      "type": "free"
    }
  ],
  "serialize_name": "自定义",
  "localization_name": "自定义"
}