{
  "skins": [
    {
      //模板 粗臂 无披风
      //Template Wide Arms No Cape
      "localization_name": "steve.0",
      "geometry": "geometry.humanoid.custom",
      "texture": "steve.png",
      "type": "free"
    },
    {
      //模板 粗臂 迁移披风
      //Template Wide Arms Migrator
      "localization_name": "steve.1",
      "geometry": "geometry.humanoid.custom",
      "texture": "steve.png",
      "cape": "Migrator.png",
      "type": "free"
    },
    {
      //模板 细臂 无披风
      //Template Slim Arms No Cape
      "localization_name": "alex.0",
      "geometry": "geometry.humanoid.customSlim",
      "texture": "alex.png",
      "type": "free"
    },
    {
      //模板 细臂 迁移披风
      //Template Slim Arms Migrator
      "localization_name": "alex.1",
      "geometry": "geometry.humanoid.customSlim",
      "texture": "alex.png",
      "cape": "Migrator.png",
      "type": "free"
    }
    
    //以下是示例模板 若"格式化代码"后，
    //所有注释(包括以下示例文件)将自动被清除。
    //以下步骤将再次教你如何自定义自己的皮肤与披风。
    //The template below is an example. if you "Reformated Code",
    //all the comments (including the examples below) will be deleted automatically.
    //The following steps below will teach you how to custom skins and capes again.
    
    ,///*
    //首先，来了解下以下键值对都是如何将文件转为游戏角色。
    //First, let's figure out how do these "Name/Value Pairs" change files into a game character.
      
    //简体中文版 Simplified Chinese Version:
      
    //大括号 {} 保存的对象是一个无序的键/值对集合。
    //一个对象以左括号 { 开始， 右括号 } 结束。
    //每个"键"后跟一个冒号 :，键/值对使用逗号 , 分隔。

    {
      "localization_name": "example.name.zh",
        //▲本 键值对 控制此对象的 的翻译字符串(不得重复)(可含中文)。
        
      "geometry": "geometry.humanoid.customSlim",
        //▲本 键值对 控制此对象的 玩家模型(位于当前目录的 "geometry.json" 之中)，
        //  若值为 "geometry.humanoid.custom" 则为此对象应用 粗臂 模型；
        //  若值为 "geometry.humanoid.customSlim" 则为此对象应用 细臂 模型。
        //  当然，如果你经验丰富，可以自己制作非官方 "geometry.json"，本篇不讲解。
        
      "texture": "alex.png",
        //▲本 键值对 控制此对象的 纹理(位于当前目录下)，
        //  应用在默认官方模型即为控制玩家的 皮肤纹理，与上一条 键值对 息息相关；
        //  键 的 值 如 "alex.png" 为选中当前目录的 名称为 alex.png 多媒体文件，
        //  并设为 在 "geometry" 定义过的 玩家模型 应用 皮肤纹理，
        //  建议将 粗臂 与 细臂 皮肤纹理 区分开来，粗臂的皮肤纹理用粗臂模型 细的用细的模型。
        //  多媒体文件相关限制已在 "README_CHS.md" 中警告过 不过多赘述。
        
      "cape": "migrator.png",
        //▲本 键值对(非必要，除此 键值对 外其余 键值对 皆不可删除) 控制此对象的 披风 纹理(位于当前目录下)，
        //  键 的 值 如 "migrator.png" 为选中当前目录的 名称为 migrator.png 多媒体文件，
        //  并设为 在 "geometry" 定义过的 玩家模型 应用 披风纹理。
        //  将此 键值对 去除可制作出 此对象的 无披风 版本(如此文件的 "steve.0" 以及 "alxe.0" )，
        //  建议每个对象中都留一个无披风版本，可用来装备 MCBE官方披风。
        
      "type": "free"
        //▲本 键值对 控制此对象的 解锁状态，
        //  都保持free即可 不用做修改 但每个对象都要包含 "type": "free" 键值对。
        
    },
    
    //英语版 English Version:
      
    //An object is an unordered set of name/value pairs.
    //An object begins with {left brace and ends with }right brace.
    //Each name is followed by :colon and the name/value pairs are separated by ,comma.
      
    {
      "localization_name": "example.name.en",
        //▲This "Name/Value Pairs" controls the Localization Name of the object(NOT BE REPEATED).
        
      "geometry": "geometry.humanoid.customSlim",
        //▲This "Name/Value Pairs" controls the Player Model of the object(at present path "geometry.json" ).
        //  If the Value equals "geometry.humanoid.custom" , it means applying the Wide Arms model for the object;
        //  If the Value equals "geometry.humanoid.customSlim" , it means applying the Slim Arms model for the object;
        //  Of course, if you are master in Json Formats & Model Modify, you can make your Custom "geometry.json" File,
        //  the details won't be explained in this file.
        
      "texture": "alex.png",
        //▲This "Name/Value Pairs" controls the Texture of of the object(at present path).
        //  Applied to the default model is to control player's skin texture, closely related to the previous "Name/Value Pairs";
        //  The Value of the Name is the multi-media file name at present path.(e.g. "alex.png")
        //  The selected multi-media file is the skin texture applied to the two different width arms models.
        //  If your skin texture is based on Steve Model(Wide Arms Model), then you'd better apply it on "geometry.humanoid.custom";
        //  If it's based on Alex Model(Slim Arms Model), then apply it on "geometry.humanoid.customSlim"
        //  I already warned the limits of multi-media files in "README.md", there's no need to warn it again.
        
      "cape": "migrator.png",
        //▲This "Name/Value Pairs"(Optional) controls the Cape Texture of of the object(at present path).
        //  The Value of the Name is the multi-media file name at present path.(e.g. "migrator.png")
        //  The selected multi-media file is the cape texture applied to the models
        //  If remove this "Name/Value Pairs" can make a no-cape ver of the skin object.(e.g. "steve.0" & "alex.0")
        //  Keep a no-cape ver of each skin object could be used to equip the Official capes of Mojang Studios
        
      "type": "free"
        //▲This "Name/Value Pairs"(Optional) controls the Unlock state of the object.
        //  Just stay "free", but every object must contain a "Name/Value Pair" - "type": "free".
        
    }
    //,
    //*/

    /*
    {
      "localization_name": "example.0",
      "geometry": "geometry.humanoid.custom",
      "texture": "dummy.png",
      "type": "free"
    },
    {
      "localization_name": "example.1",
      "geometry": "geometry.humanoid.customSlim",
      "texture": "dummy.png",
      "cape": "cape_template.png",
      "type": "free"
    },
    {
      "localization_name": "example.2",
      "geometry": "geometry.humanoid.customSlim",
      "texture": "dummy.png",
      "cape": "Migrator.png",
      "type": "free"
    }
    */
    
  ],
  "serialize_name": "sora.pzsm",
  "localization_name": "sora.pzsm"
    //保持原样即可.
    //No need to modify, just stay normal.

//修改的副本不可修改作者相关信息。  
//当你修改本包时，你应该修改manifest.json中的UUID。  
//你可以在你的客户端(不是资源包！是你启动用的客户端)中使用本项目。  
//修改的副本必须免费提供给所有人。  
//非商业性使用免费

//The modified copy CANNOT modify author-related information.
//When modifying this pack, you need to change the uuid in the manifest.json.
//You can use this pack in your minecraft client (not in a resource pack).
//Modified copies must be freely available to all people.
//Free for non-commercial use only.

}

